item_index,image_word,condition,expected_rating
0,library,congruent,4.09375
0,refrigerator,congruent,3.421875
0,library,incongruent,1.0
0,refrigerator,incongruent,1.0
1,delight,congruent,5.0
1,disappointment,congruent,3.984375
1,delight,incongruent,1.0
1,disappointment,incongruent,1.0
2,overcoat,congruent,4.5
2,sandals,congruent,4.21875
2,overcoat,incongruent,1.0
2,sandals,incongruent,1.0
3,exam,congruent,4.96875
3,marathon,congruent,4.875
3,exam,incongruent,1.0
3,marathon,incongruent,1.0
4,menu,congruent,4.0
4,prescription,congruent,4.09375
4,menu,incongruent,1.0
4,prescription,incongruent,1.0078125
5,distress,congruent,5.0
5,tranquility,congruent,5.0
5,distress,incongruent,1.0
5,tranquility,incongruent,1.0
6,patients,congruent,4.03125
6,students,congruent,3.296875
6,patients,incongruent,1.0
6,students,incongruent,1.0
7,consensus,congruent,4.9375
7,deadlock,congruent,4.96875
7,consensus,incongruent,1.0
7,deadlock,incongruent,1.0
8,cancer,congruent,4.0625
8,engagement,congruent,4.96875
8,cancer,incongruent,1.0078125
8,engagement,incongruent,1.4453125
9,classroom,congruent,4.96875
9,terminal,congruent,4.375
9,classroom,incongruent,2.5625
9,terminal,incongruent,1.0
10,cash,congruent,5.0
10,groceries,congruent,4.8125
10,cash,incongruent,2.0625
10,groceries,incongruent,2.0
11,confident,congruent,5.0
11,lonely,congruent,4.5
11,confident,incongruent,1.046875
11,lonely,incongruent,1.0
12,joy,congruent,5.0
12,outrage,congruent,4.96875
12,joy,incongruent,1.0
12,outrage,incongruent,4.3125
13,snowstorm,congruent,4.375
13,traffic,congruent,4.5
13,snowstorm,incongruent,1.9453125
13,traffic,incongruent,1.0234375
14,frustration,congruent,5.0
14,laughter,congruent,5.0
14,frustration,incongruent,1.0
14,laughter,incongruent,1.0
15,calculator,congruent,3.609375
15,instrument,congruent,2.859375
15,calculator,incongruent,1.0
15,instrument,incongruent,2.75
16,orchestra,congruent,4.5
16,racers,congruent,5.0
16,orchestra,incongruent,2.0625
16,racers,incongruent,1.0234375
17,playdate,congruent,4.0
17,retirement,congruent,4.03125
17,playdate,incongruent,1.0
17,retirement,incongruent,1.6171875
18,depressed,congruent,4.0625
18,relieved,congruent,4.78125
18,depressed,incongruent,4.0625
18,relieved,incongruent,1.0
19,friends,congruent,2.265625
19,weight,congruent,4.0625
19,friends,incongruent,2.03125
19,weight,incongruent,1.0
20,lipstick,congruent,2.453125
20,song,congruent,4.3125
20,lipstick,incongruent,1.1484375
20,song,incongruent,1.0
21,fought,congruent,4.96875
21,sang,congruent,4.0625
21,fought,incongruent,1.0
21,sang,incongruent,1.0
22,reassured,congruent,4.0
22,skeptical,congruent,4.0
22,reassured,incongruent,1.0
22,skeptical,incongruent,1.0390625
23,graduation,congruent,5.0
23,operation,congruent,3.296875
23,graduation,incongruent,1.0
23,operation,incongruent,1.0
24,aftermath,congruent,5.0
24,bride,congruent,4.0
24,aftermath,incongruent,1.0
24,bride,incongruent,1.6171875
25,daughter,congruent,5.0
25,teacher,congruent,4.28125
25,daughter,incongruent,1.984375
25,teacher,incongruent,2.015625
26,grandma,congruent,5.0
26,roommate,congruent,4.625
26,grandma,incongruent,1.90625
26,roommate,incongruent,1.015625
27,brother,congruent,5.0
27,mother,congruent,5.0
27,brother,incongruent,2.09375
27,mother,incongruent,2.015625
28,preschool,congruent,5.0
28,prison,congruent,4.03125
28,preschool,incongruent,1.0
28,prison,incongruent,1.046875
29,hopeful,congruent,4.4375
29,hopeless,congruent,5.0
29,hopeful,incongruent,1.0
29,hopeless,incongruent,1.0
30,appalled,congruent,5.0
30,overjoyed,congruent,4.96875
30,appalled,incongruent,1.0
30,overjoyed,incongruent,1.0
31,encouragement,congruent,4.09375
31,reprimand,congruent,4.75
31,encouragement,incongruent,1.0
31,reprimand,incongruent,1.0
32,angrily,congruent,4.96875
32,cordially,congruent,5.0
32,angrily,incongruent,1.375
32,cordially,incongruent,1.0390625
33,accusatory,congruent,5.0
33,flirtatious,congruent,3.84375
33,accusatory,incongruent,1.0
33,flirtatious,incongruent,1.6484375
34,disapprovingly,congruent,5.0
34,lovingly,congruent,4.125
34,disapprovingly,incongruent,1.046875
34,lovingly,incongruent,1.0
35,distant,congruent,4.0625
35,playful,congruent,4.09375
35,distant,incongruent,1.9921875
35,playful,incongruent,1.0
36,headphones,congruent,4.0
36,mangoes,congruent,1.9375
36,headphones,incongruent,1.0
36,mangoes,incongruent,1.0
37,park,congruent,5.0
37,playroom,congruent,5.0
37,park,incongruent,1.890625
37,playroom,incongruent,2.0
38,backyard,congruent,5.0
38,bedroom,congruent,4.90625
38,backyard,incongruent,1.0
38,bedroom,incongruent,1.9921875
39,excitedly,congruent,4.1875
39,solemnly,congruent,4.5
39,excitedly,incongruent,1.8125
39,solemnly,incongruent,2.0
40,car,congruent,3.984375
40,sock,congruent,2.65625
40,car,incongruent,1.7734375
40,sock,incongruent,1.0078125
41,naked,congruent,3.78125
41,overdressed,congruent,4.625
41,naked,incongruent,1.0
41,overdressed,incongruent,1.0234375
42,lively,congruent,5.0
42,shy,congruent,4.21875
42,lively,incongruent,1.96875
42,shy,incongruent,1.0078125
43,flattered,congruent,4.03125
43,offended,congruent,4.0625
43,flattered,incongruent,1.0
43,offended,incongruent,1.0078125
44,cellmate,congruent,4.0
44,grandkid,congruent,4.96875
44,cellmate,incongruent,1.0234375
44,grandkid,incongruent,1.0390625
45,fired,congruent,5.0
45,promoted,congruent,5.0
45,fired,incongruent,1.0
45,promoted,incongruent,1.0
46,celebration,congruent,4.78125
46,shooting,congruent,4.9375
46,celebration,incongruent,1.3203125
46,shooting,incongruent,1.0
47,beer,congruent,4.15625
47,crayon,congruent,4.0
47,beer,incongruent,1.0
47,crayon,incongruent,1.0
48,taxi,congruent,4.5
48,waiter,congruent,4.03125
48,taxi,incongruent,1.3203125
48,waiter,incongruent,1.9765625
49,keys,congruent,4.0
49,parents,congruent,4.0
49,keys,incongruent,1.96875
49,parents,incongruent,2.40625
50,sky,congruent,4.6875
50,sofa,congruent,4.96875
50,sky,incongruent,2.109375
50,sofa,incongruent,2.0
51,homework,congruent,4.0
51,obesity,congruent,3.09375
51,homework,incongruent,1.0
51,obesity,incongruent,1.0
52,commute,congruent,5.0
52,quiz,congruent,5.0
52,commute,incongruent,2.796875
52,quiz,incongruent,2.015625
53,excitement,congruent,5.0
53,migraine,congruent,5.0
53,excitement,incongruent,1.0
53,migraine,incongruent,1.0
54,husband,congruent,5.0
54,niece,congruent,4.1875
54,husband,incongruent,1.96875
54,niece,incongruent,1.0
55,film,congruent,4.21875
55,sunrise,congruent,4.0625
55,film,incongruent,1.0
55,sunrise,incongruent,1.0
56,banquet,congruent,4.875
56,lecture,congruent,4.0
56,banquet,incongruent,1.0
56,lecture,incongruent,1.0234375
57,drink,congruent,4.1875
57,textbook,congruent,4.5625
57,drink,incongruent,1.0
57,textbook,incongruent,1.0
58,pool,congruent,5.0
58,snow,congruent,4.15625
58,pool,incongruent,1.0
58,snow,incongruent,1.9921875
59,passport,congruent,4.1875
59,plushy,congruent,5.0
59,passport,incongruent,1.03125
59,plushy,incongruent,1.0078125
60,father,congruent,5.0
60,sister,congruent,5.0
60,father,incongruent,1.21875
60,sister,incongruent,1.0
61,game,congruent,4.875
61,sunset,congruent,5.0
61,game,incongruent,2.203125
61,sunset,incongruent,1.3828125
62,funeral,congruent,3.765625
62,holidays,congruent,3.109375
62,funeral,incongruent,2.03125
62,holidays,incongruent,1.046875
63,affair,congruent,5.0
63,grades,congruent,4.96875
63,affair,incongruent,2.0
63,grades,incongruent,1.0
64,arrest,congruent,2.109375
64,stroke,congruent,3.09375
64,arrest,incongruent,1.7109375
64,stroke,incongruent,1.4453125
65,coffee,congruent,5.0
65,pacifier,congruent,2.28125
65,coffee,incongruent,1.0
65,pacifier,incongruent,1.0
66,sentencing,congruent,4.78125
66,sweets,congruent,5.0
66,sentencing,incongruent,1.0
66,sweets,incongruent,1.0
67,nap,congruent,5.0
67,selfie,congruent,5.0
67,nap,incongruent,1.0
67,selfie,incongruent,1.0
68,diaper,congruent,4.0625
68,tire,congruent,5.0
68,diaper,incongruent,1.0
68,tire,incongruent,1.0
69,chemotherapy,congruent,4.375
69,golf,congruent,5.0
69,chemotherapy,incongruent,1.0
69,golf,incongruent,1.0
70,lullaby,congruent,3.796875
70,thunder,congruent,4.25
70,lullaby,incongruent,1.828125
70,thunder,incongruent,1.046875
71,pajamas,congruent,4.125
71,uniform,congruent,4.96875
71,pajamas,incongruent,1.4453125
71,uniform,incongruent,1.0
72,gown,congruent,4.6875
72,sweats,congruent,4.0625
72,gown,incongruent,1.0
72,sweats,incongruent,3.09375
73,bed,congruent,4.0
73,deadline,congruent,4.28125
73,bed,incongruent,2.15625
73,deadline,incongruent,1.0
74,jail,congruent,4.09375
74,kindergarten,congruent,4.0625
74,jail,incongruent,1.0
74,kindergarten,incongruent,1.296875
75,interrogated,congruent,5.0
75,tickled,congruent,4.5625
75,interrogated,incongruent,1.0
75,tickled,incongruent,1.0
76,sandcastle,congruent,4.9375
76,snowman,congruent,5.0
76,sandcastle,incongruent,1.0
76,snowman,incongruent,1.0
77,music,congruent,5.0
77,pizza,congruent,5.0
77,music,incongruent,1.0
77,pizza,incongruent,1.0
78,cartoon,congruent,5.0
78,playoffs,congruent,3.96875
78,cartoon,incongruent,1.0390625
78,playoffs,incongruent,1.0
79,academics,congruent,5.0
79,alcoholism,congruent,4.96875
79,academics,incongruent,1.0
79,alcoholism,incongruent,2.703125
